id,username,password,reading_list
1,thorke,cLQ^C#oFXloS,[]
2,fmercury,mvNNbc1eLA$i,[]
3,mjackson,vpwJv4A7%#9b,[]
4,test,TestTest146125821,[]
5,derp,Ha1huiagiads,[11827783]
6,06085715,GQTNvD7UcRFK,[]
7,reagansu,WXvYTBh4CeZg,[]
8,andbarman,ncwFLC26rDvm,[]
9,robis777,SLun6gYeNxfz,[]
10,Sultrekovamarin,P8dpC93zjURB,[]
11,aglecavalier333,GAMcxWhjZbN5,[]
12,vikylka9696,Lh9HUSZkRteW,[]
13,scrboy,LbGdmVH6XEB3,[]
14,mhaiyerlin6390,Lu27TCsXBxKm,[]
15,killer26794,UgeNaAVn8cWz,[]
16,beslangeroy,s9NyGu6RgKbS,[]
17,golosinor,vkp7HrsBfZ9h,[]
18,philnunn,mZdhkDcGtW9U,[]
19,kota1987,3rqGByUVac2X,[]
20,kepcon,JNSpa8k7hsLv,[]
21,jets11,wAxCyJGj9ebP,[]
22,paraskivairina,7kqQ8tGLmXdz,[]
23,volkovroman1998,ChR9DWGEPzvZ,[]
24,rfvtgb1234,NF824Tgu3XPE,[]
25,blefiz1723,AXefH78cCbGp,[]
26,nessco,ZgheASnRtuf5,[]
27,pokrovskywx,RMd2Zg9nK4eT,[]
28,mikeevenson,ZMch9CqmVQU4,[]
29,shnyra88,hqWu3zDCXZrF,[]
30,elenafev,DEkAgCnVeGz9,[]
31,desmetkarin,bPCm7zpuR836,[]
32,rivate4533,vf5meSWwUscz,[]
33,sepehrair,p2EHz4qPscJQ,[]
34,ksayros2,c5zdB8VHgvQY,[]
35,katyabumerang,t74mquXQE5Ly,[]
36,dgemails,e3XyB2EHRVTJ,[]
37,mraupp,LHQRr4Xy6npP,[]
38,zakiabdelwahed,vyQ9PMjcHafD,[]
39,thelorena,bQC7XsTWJ45p,[]
40,hoogenboezemjg,gNbEYBkLHJ38,[]
41,metro83,tLBMK6fhF5Dk,[]
42,clifton233,HJyDuBQj3gNk,[]
43,pallero,UZ5avWLp6ey4,[]
44,sergeuo,VBxNrYu9LtQU,[]
45,robben96,dcWDJ86hefT2,[]
46,martinuskowal,KuGnkc6sU74v,[]
47,superw,mS8GCgZEFhHQ,[]
48,habe739,mgeJuUXZpdj4,[]
49,neelaeva,MAGbJjaFVUP6,[]
50,panjan,VJzRDYeLb37d,[]
51,j1opus,yC765Q9DbMxg,[]
52,matveev74,s7YJnaDchk4V,[]
53,kfgjxrfdthecmrf,SKys4NkRJu56,[]
54,qbuenicimo18,4bPArKvwasqT,[]
55,maxguk,LzgZc3dhXHPk,[]
56,disinter,aV7qHk4UnGLC,[]
57,hlyubovjbuh1983c,27yLHXP5D9kg,[]
58,eduardherzog,7eVSEWU9pMAr,[]
59,roledog,uJEUHj4YksqW,[]
60,doregon,3PYqQgvXe5GE,[]
61,PAULBELL,ptHaSh7JRL9C,[]
62,teddybal65,4bpmqj89Pu2e,[]
63,awpebash,Zf2Q6c57Ntym,[]
64,cinini2000,bAUBqSf6DXsC,[]
65,BigLar,KM6RPETAGUag,[]
66,bakbaura,TYpPmZQcet3D,[]
67,magometmerzoeva,PFVQShLbrdD8,[]
68,kawboy88,by2sxERQPfTw,[]
69,farzi,YVxAPNMdQF9h,[]
70,goldbond,z56tWqJL23ef,[]
71,chrisgbee2,CZGXEjH5YvJB,[]
72,edivaldo,5hBu7XF3aPSb,[]
73,des1gnxmas,RU5hmA8tLus7,[]
74,albovis,eENnda9HyTGP,[]
75,forauth,dK3BzJqYbPcZ,[]
76,anapolack,RDTantgLSAQ9,[]
77,Antonieth15,red6hnRZj5Uk,[]
78,snakanam,M46EYUR75bG2,[]
79,3ziazila,wqxCa3reNBKP,[]
80,242233,6gcQxefpE7BC,[]
81,tlgredman954,K27S9bj5mMg6,[]
82,armanserow,E6Tc5KLqnyYa,[]
83,altindish,XfJq7MTjWvEy,[]
84,mirashi99i,PgS72VNRTfqB,[]
85,cgrimes,jqrnkgDMZ3RF,[]
86,willardc1,3cWQaDFHnTUj,[]
87,hest66,ZgzLQJmSHd3b,[]
88,marinache86,3PYDaHzfLhXg,[]
89,THROTTLE,se9JVMx8Hnf5,[]
90,sethpinas,UgL98mSd4CQw,[]
91,ksyushakostko,AYJCjxks8RLd,[]
92,tetsukun1st,94JnR8WVdC2m,[]
93,kotek1311,BqDECvR5L7nc,[]
94,daoneny,Mcwr9yEGjB6q,[]
95,1960ChevyBelair,wvNRF6hdKB87,[]
96,21vicki,2QmJ4htNUSzD,[]
97,cy8,mbxAg83QruqL,[]
98,ilyinston4ik,wuRM4daGBVS5,[]
99,mzmccray,mhE9YS7dU2wB,[]
100,kazakova81,sVfE3PJM5WkX,[]
101,elenkamadlenka,aJSzg4GPQVws,[]
102,BethBZ1,4PzpXH3mkxJ8,[]
103,hillbillytattoo,EV8HuMp6BRDL,[]
104,stalkerigor2,Jtk9bu4rpDMQ,[]
105,dammpill,kQHc8En63pLw,[]
106,jariheikkila,VQWwRq3yZSUN,[]
107,vasemann,c4RSVuxEsUCp,[]
108,oyster33,gF3sdKNkbV6Y,[]
109,littlerosepa,QEW8J9BeUprn,[]
110,sileas,XRKSYDH2aPWj,[]
111,lordlion20,gaN9eJrvKqzf,[]
112,fvptdf,nmwsSXkNyGt8,[]
113,kinski85,Vxmh3dBng7Xk,[]
114,bona,EKJxuzH8Ljgq,[]
115,nastyaasta,qEWHJ7G3xyMt,[]
116,Sugars,y2H8FrCJsuAk,[]
117,ltdtg,NpsfqB5dJcjz,[]
118,Ro!,ruH75cdfSEAC,[]
119,lyaho,MgGQHNC2fY9B,[]
120,avrtrans,WYv5yNTVn3wD,[]
121,derbendli,R4AUzL5Gmw6K,[]
122,pyhome,bftrCLpg4n7E,[]
123,onelonewolf,FnyNuaAsH3Kx,[]
124,cpuser,XVUcrMYJ2BQH,[]
125,rex5067,dgvJkMe3Ws4Z,[]
126,sept77,2NWu3nzJskyZ,[]
127,katenamuse,F2M9CQwZR3hs,[]
128,petrchalup,mPYKDSJZM5hR,[]
129,jelannayatebe,wpgHmsAk2XYh,[]
130,martcopy,q67TnPGMSbYQ,[]
131,holita,CWgSA7VQpy8z,[]
132,skipar,dMWfy8UxTPws,[]
133,ogdenp,EfTnrJut9wYp,[]
134,amorsito04,NsdYCHue4m5M,[]
135,gsjonesinc,2FNrSTGqgbE4,[]
136,jshojvg,BPTbsfmt6VGg,[]
137,terlen64,hGf93byF7kCT,[]
138,johnfischer2,9CrVp4vT6uNU,[]
139,stormalong,FufjJWT6M8w5,[]
140,bondik1994,z7L9cpMdYTfg,[]
141,lcerchie,MbgF4nCGXeLK,[]
142,aheiro's,jsPfGvc7qrQZ,[]
143,rre7325,rn2XxJzcZPFj,[]
144,virgo54,pKsRG9ShFWQV,[]
145,bleevinue,wMVDgjKEF6nu,[]
146,icyhacker,5zn3F8UjX94Y,[]
147,DOGGOT,3ftVupm2Py6d,[]
148,balajee,9m6fvdHGRkUb,[]
149,golantarm,Z4XW3bFpewCu,[]
150,sergkhudyak,Zybm5fBTNPAC,[]
151,gulnur83kg,Kcvk4y6fw7NG,[]
152,kitovika,Uz8CsfX4FWxA,[]
153,SHAKEY333555,t2d8G9rWjghC,[]
154,romanorlov795,D42jXb67vUEa,[]
155,Gunsmoke32,PTjJ86g9aR5x,[]